2025.09.16 17:59:25;2925.82;2928.54;0
2025.09.16 17:59:26;2925.6;2928.54;0.007519259558012955
2025.09.16 17:59:27;2926.15;2928.54;0
2025.09.16 17:59:28;2926.17;2928.54;0
2025.09.16 18:00:09;2926.64;2928.54;0
2025.09.16 18:00:10;2926.59;2928.54;0.001708443812690565
2025.09.16 18:00:11;2926.61;2928.54;0.001025066287611232
2025.09.16 18:00:12;2926.88;2928.54;0
2025.09.16 18:00:13;2926.85;2928.54;0.00102498223364812
2025.09.16 18:00:14;2926.88;2928.54;0
2025.09.16 18:00:16;2926.83;2928.54;0.001708303722741687
2025.09.16 18:00:17;2926.72;2928.54;0.005466571912764077
2025.09.16 18:00:19;2926.6;2928.54;0.009566500847325483
2025.09.16 18:00:20;2926.64;2928.54;0.008199857869138348
2025.09.16 18:00:22;2926.53;2928.54;0.01195812605916074
2025.09.16 18:00:23;2926.5;2928.54;0.01298310829279332
2025.09.16 18:00:24;2926.63;2928.54;0.008541518613677364
2025.09.16 18:00:26;2926.65;2928.54;0.007858197124583794
2025.09.16 18:00:27;2926.63;2928.54;0.008541518613677364
2025.09.16 18:00:28;2926.61;2928.54;0.00922484010277093
2025.09.16 18:00:29;2926.62;2928.54;0.008883179358231914
2025.09.16 18:00:30;2926.64;2928.54;0.008199857869138348
2025.09.16 18:00:31;2926.61;2928.54;0.00922484010277093
2025.09.16 18:00:32;2926.22;2928.54;0.0225496091401188
2025.09.16 18:00:33;2926.25;2928.54;0.02152462690647068
2025.09.16 18:00:34;2926.52;2928.54;0.01229978680369975
2025.09.16 18:00:35;2926.62;2928.54;0.008883179358231914
2025.09.16 18:00:36;2926.73;2928.54;0.005124911168209525
2025.09.16 18:00:37;2926.64;2928.54;0.008199857869138348
2025.09.16 18:00:39;2926.45;2928.54;0.01469141201553501
2025.09.16 18:00:40;2926.34;2928.54;0.01844968020554186
2025.09.16 18:00:42;2926.26;2928.54;0.02118296616193167
2025.09.16 18:00:43;2926.43;2928.54;0.01537473350462857
2025.09.16 18:00:44;2926.5;2928.54;0.01298310829279332
2025.09.16 18:00:46;2926.77;2928.54;0.00375826819002239
2025.09.16 18:00:47;2927.02;2928.54;0
2025.09.16 18:00:49;2927.09;2928.54;0
2025.09.16 18:00:50;2926.96;2928.54;0.004441271023443391
2025.09.16 18:00:51;2927;2928.54;0.003074726093155507
2025.09.16 18:00:52;2926.76;2928.54;0.01127399567489835
2025.09.16 18:00:53;2926.72;2928.54;0.01264054060518623
2025.09.16 18:00:56;2926.91;2928.54;0.006149452186311013
2025.09.16 18:00:57;2926.89;2928.54;0.006832724651454955
2025.09.16 18:00:58;2926.89;2928.54;0.006832724651454955
2025.09.16 18:00:59;2926.88;2928.54;0.007174360884019159
2025.09.16 18:01:00;2926.47;2928.54;0.02118144641949327
2025.09.16 18:01:01;2926.19;2928.54;0.03074726093150846
2025.09.16 18:01:02;2926.46;2928.54;0.02152308265205747
2025.09.16 18:01:03;2926.46;2928.54;0.02152308265205747
2025.09.16 18:01:05;2926.46;2928.54;0.02152308265205747
2025.09.16 18:01:06;2927;2928.54;0.003074726093155507
2025.09.16 18:01:07;2926.83;2928.54;0.008882542046886781
2025.09.16 18:01:08;2926.66;2928.54;0.01469035800061805
2025.09.16 18:01:09;2926.79;2928.54;0.01024908697717466
2025.09.16 18:01:10;2926.82;2928.54;0.009224178279450983
2025.09.16 18:01:11;2926.69;2928.54;0.01366544930289437
2025.09.16 18:01:12;2926.57;2928.54;0.01776508409375802
2025.09.16 18:01:13;2926.52;2928.54;0.01947326525662565
2025.09.16 18:01:14;2926.64;2928.54;0.015373630465762
2025.09.16 18:01:15;2927.37;2928.54;0
2025.09.16 18:01:16;2927.05;2928.54;0.01093131377310381
2025.09.16 18:01:17;2927.03;2928.54;0.01161452088393833
2025.09.16 18:01:18;2926.91;2928.54;0.01571376354885226
2025.09.16 18:01:19;2926.73;2928.54;0.02186262754622315
2025.09.16 18:01:20;2926.83;2928.54;0.01844659199212821
2025.09.16 18:01:21;2926.7;2928.54;0.0228874382124594
2025.09.16 18:01:22;2926.67;2928.54;0.02391224887868012
2025.09.16 18:01:23;2926.8;2928.54;0.01947140265834893
2025.09.16 18:01:25;2926.97;2928.54;0.01366414221639529
2025.09.16 18:01:26;2927.02;2928.54;0.01195612443934006
2025.09.16 18:01:27;2927.08;2928.54;0.009906503106883093
2025.09.16 18:01:29;2927.11;2928.54;0.008881692440646844
2025.09.16 18:01:30;2927.03;2928.54;0.01161452088393833
2025.09.16 18:01:31;2926.87;2928.54;0.01708017777049024
2025.09.16 18:01:32;2926.94;2928.54;0.01468895288261601
2025.09.16 18:01:33;2926.89;2928.54;0.01639697065967125
2025.09.16 18:01:36;2926.91;2928.54;0.01571376354885226
2025.09.16 18:01:37;2926.93;2928.54;0.01503055643803327
2025.09.16 18:01:41;2926.88;2928.54;0.01673857421507298
2025.09.16 18:01:43;2926.93;2928.54;0.01503055643803327
2025.09.16 18:01:44;2926.94;2928.54;0.01468895288261601
2025.09.16 18:01:46;2927.05;2928.54;0.01093131377310381
2025.09.16 18:01:47;2927.18;2928.54;0.006490467552788154
2025.09.16 18:01:48;2926.97;2928.54;0.01366414221639529
2025.09.16 18:01:49;2926.58;2928.54;0.02698668087737333
2025.09.16 18:01:50;2926.55;2928.54;0.02801149154359405
2025.09.16 18:01:51;2926.52;2928.54;0.02903630220983029
2025.09.16 18:01:52;2926.67;2928.54;0.02391224887868012
2025.09.16 18:01:53;2926.68;2928.54;0.02357064532327839
2025.09.16 18:01:54;2926.73;2928.54;0.02186262754622315
2025.09.16 18:01:56;2926.66;2928.54;0.02425385243409738
2025.09.16 18:01:57;2926.66;2928.54;0.02425385243409738
2025.09.16 18:01:58;2926.68;2928.54;0.02357064532327839
2025.09.16 18:01:59;2926.7;2928.54;0.0228874382124594
2025.09.16 18:02:00;2926.71;2928.54;0.02254583465704214
2025.09.16 18:02:02;2926.69;2928.54;0.02322904176786113
2025.09.16 18:02:03;2926.67;2928.54;0.02391224887868012
2025.09.16 18:02:04;2926.58;2928.54;0.02698668087737333
2025.09.16 18:02:05;2926.7;2928.54;0.0228874382124594
2025.09.16 18:02:06;2926.82;2928.54;0.01878819554752994
2025.09.16 18:02:08;2926.88;2928.54;0.01673857421507298
2025.09.16 18:02:09;2926.6;2928.54;0.02630347376655435
2025.09.16 18:02:10;2926.19;2928.54;0.04030921953835136
2025.09.16 18:02:11;2926.21;2928.54;0.03962601242753237
2025.09.16 18:02:12;2926.23;2928.54;0.03894280531671339
2025.09.16 18:02:13;2926.24;2928.54;0.03860120176131166
2025.09.16 18:02:15;2926.27;2928.54;0.03757639109507541
2025.09.16 18:02:16;2926.28;2928.54;0.03723478753967369
2025.09.16 18:02:18;2926.28;2928.54;0.03723478753967369
2025.09.16 18:02:20;2926.3;2928.54;0.03655158042883917
2025.09.16 18:02:21;2926.31;2928.54;0.03620997687343743
2025.09.16 18:02:22;2926.31;2928.54;0.03620997687343743
2025.09.16 18:02:27;2926.31;2928.54;0.03620997687343743
2025.09.16 18:02:28;2926.32;2928.54;0.03586837331802017
2025.09.16 18:02:31;2926.36;2928.54;0.0345019590963822
2025.09.16 18:02:32;2926.37;2928.54;0.03416035554098047
2025.09.16 18:02:33;2926.39;2928.54;0.03347714843016149
2025.09.16 18:02:34;2926.21;2928.54;0.03962601242753237
2025.09.16 18:02:36;2926.39;2928.54;0.03347714843016149
2025.09.16 18:02:38;2926.19;2928.54;0.04030921953835136
2025.09.16 18:02:39;2926.25;2928.54;0.0382595982058944
2025.09.16 18:02:41;2926.32;2928.54;0.03586837331802017
2025.09.16 18:02:43;2926.33;2928.54;0.03552676976261845
2025.09.16 18:02:44;2926.55;2928.54;0.02801149154359405
2025.09.16 18:02:45;2926.64;2928.54;0.02493705954491637
2025.09.16 18:02:46;2926.64;2928.54;0.02493705954491637
2025.09.16 18:02:47;2926.07;2928.54;0.0444084622032653
2025.09.16 18:02:48;2926.29;2928.54;0.03689318398425642
2025.09.16 18:02:51;2926.31;2928.54;0.03620997687343743
2025.09.16 18:02:52;2926.01;2928.54;0.04645808353573779
2025.09.16 18:02:53;2925.8;2928.54;0.05363175819932939
2025.09.16 18:02:54;2924.82;2930.04;0.08710890662949088
2025.09.16 18:02:55;2924.9;2930.04;0.08437607818621493
2025.09.16 18:02:56;2925.16;2930.04;0.07549438574556809
2025.09.16 18:02:57;2925.82;2930.04;0.05294855108851041
2025.09.16 18:02:58;2926.14;2930.04;0.0420172373154066
2025.09.16 18:02:59;2924.66;2930.04;0.09257456351605832
2025.09.16 18:03:01;2925.04;2930.04;0.07959362841048201
2025.09.16 18:03:02;2923.94;2930.04;0.1171700195055574
2025.09.16 18:03:03;2923.78;2930.04;0.1226356763921249
2025.09.16 18:03:05;2924.32;2930.04;0.1041890843999811
2025.09.16 18:03:06;2924.22;2930.04;0.1076051199540916
2025.09.16 18:03:07;2923.98;2930.04;0.1158036052839194
2025.09.16 18:03:09;2923.16;2930.04;0.143815096827529
2025.09.16 18:03:10;2924.26;2930.04;0.1062387057324536
2025.09.16 18:03:11;2924.02;2930.04;0.1144371910622815
2025.09.16 18:03:12;2924.74;2930.04;0.08984173507278237
2025.09.16 18:03:13;2925.06;2930.04;0.07891042129966302
2025.09.16 18:03:14;2924.8;2930.04;0.08779211374030987
2025.09.16 18:03:15;2924.6;2930.04;0.09462418484851529
2025.09.16 18:03:16;2924.38;2930.04;0.1021394630675242
2025.09.16 18:03:17;2924.74;2930.04;0.08984173507278237
2025.09.16 18:03:19;2924.56;2930.04;0.09599059907015325
2025.09.16 18:03:20;2924.64;2930.04;0.09325777062687732
2025.09.16 18:03:21;2924.6;2930.04;0.09462418484851529
2025.09.16 18:03:22;2924.54;2930.04;0.09667380618097225
2025.09.16 18:03:23;2924.62;2930.04;0.09394097773769629
2025.09.16 18:03:24;2924.84;2930.04;0.08642569951867189
2025.09.16 18:03:26;2925.06;2930.04;0.07891042129966302
2025.09.16 18:03:27;2924.2;2930.04;0.1082883270649106
2025.09.16 18:03:28;2923.36;2930.04;0.1369830257193236
2025.09.16 18:03:29;2923.52;2930.04;0.1315173688327717
2025.09.16 18:03:30;2923.34;2930.04;0.1376662328301426
2025.09.16 18:03:31;2923.32;2930.04;0.1383494399409616
2025.09.16 18:03:32;2923.5;2930.04;0.1322005759435907
2025.09.16 18:03:33;2923.56;2930.04;0.1301509546111337
2025.09.16 18:03:34;2923.36;2930.04;0.1369830257193236
2025.09.16 18:03:35;2923.54;2930.04;0.1308341617219527
2025.09.16 18:03:36;2923.52;2930.04;0.1315173688327717
2025.09.16 18:03:37;2923.64;2930.04;0.1274181261678578
2025.09.16 18:03:38;2923.5;2930.04;0.1322005759435907
2025.09.16 18:03:41;2923.6;2930.04;0.1287845403894957
2025.09.16 18:03:42;2924.06;2930.04;0.1130707768406435
2025.09.16 18:03:43;2924.92;2930.04;0.08369287107539594
2025.09.16 18:03:44;2924.7;2930.04;0.09120814929442035
2025.09.16 18:03:45;2925.44;2930.04;0.06592948619408671
2025.09.16 18:03:46;2925;2930.04;0.08096004263211999
2025.09.16 18:03:48;2925.12;2930.04;0.07686079996720607
2025.09.16 18:03:49;2925.08;2930.04;0.07822721418884404
2025.09.16 18:03:50;2925.28;2930.04;0.07139514308065416
2025.09.16 18:03:53;2925.28;2930.04;0.07139514308065416
2025.09.16 18:03:54;2925.14;2930.04;0.07617759285638707
2025.09.16 18:03:55;2926.12;2930.04;0.04270044442622559
2025.09.16 18:03:56;2926.08;2930.04;0.04406685864786356
2025.09.16 18:03:57;2926.84;2930.04;0.01810498843671095
2025.09.16 18:03:58;2926.32;2930.04;0.03586837331802017
2025.09.16 18:03:59;2926.5;2930.04;0.02971950932064928
2025.09.16 18:04:00;2927;2930.04;0.01263933155015905
2025.09.16 18:04:01;2927.38;2930.04;0
2025.09.16 18:04:02;2927.4;2930.04;0
2025.09.16 18:04:03;2926.7;2930.04;0.02391200382592993
2025.09.16 18:04:04;2926.76;2930.04;0.02186240349799574
2025.09.16 18:04:06;2926.8;2930.04;0.02049600327935741
2025.09.16 18:04:08;2926.86;2930.04;0.01844640295142323
2025.09.16 18:04:09;2926.78;2930.04;0.02117920338868435
2025.09.16 18:04:10;2926.6;2930.04;0.02732800437248692
2025.09.16 18:04:11;2925.82;2930.04;0.05397280863564689
2025.09.16 18:04:12;2925.56;2930.04;0.06285441005671057
2025.09.16 18:04:13;2925.52;2930.04;0.06422081027533337
2025.09.16 18:04:14;2925.52;2930.04;0.06422081027533337
2025.09.16 18:04:15;2925.56;2930.04;0.06285441005671057
2025.09.16 18:04:16;2925.6;2930.04;0.06148800983808778
2025.09.16 18:04:18;2925.84;2930.04;0.0532896085263355
2025.09.16 18:04:19;2925.68;2930.04;0.0587552094008422
2025.09.16 18:04:20;2926.18;2930.04;0.04167520666804177
2025.09.16 18:04:21;2926.36;2930.04;0.03552640568422366
2025.09.16 18:04:23;2927.06;2930.04;0.01161440185830927
2025.09.16 18:04:24;2926.98;2930.04;0.01434720229555485
2025.09.16 18:04:25;2927.04;2930.04;0.01229760196762066
2025.09.16 18:04:26;2926.96;2930.04;0.01503040240486625
2025.09.16 18:04:28;2926.9;2930.04;0.01708000273280044
2025.09.16 18:04:30;2926.94;2930.04;0.01571360251417764
2025.09.16 18:04:31;2926.88;2930.04;0.01776320284211183
2025.09.16 18:04:32;2927.44;2930.04;0
2025.09.16 18:04:33;2927.34;2930.04;0.00341595387095582
2025.09.16 18:04:35;2926.78;2930.04;0.02254529554833948
2025.09.16 18:04:36;2926.8;2930.04;0.02186210477413278
2025.09.16 18:04:37;2926.7;2930.04;0.02527805864510414
2025.09.16 18:04:38;2926.74;2930.04;0.02391167709672181
2025.09.16 18:04:40;2926.92;2930.04;0.0177629601289858
2025.09.16 18:04:41;2927.08;2930.04;0.01229743393545648
2025.09.16 18:04:42;2927.16;2930.04;0.00956467083869183
2025.09.16 18:04:44;2927.14;2930.04;0.01024786161288299
2025.09.16 18:04:46;2926.88;2930.04;0.01912934167736812
2025.09.16 18:04:47;2927.36;2930.04;0.002732763096764656
2025.09.16 18:04:48;2927.38;2930.04;0.002049572322573492
2025.09.16 18:04:49;2927.36;2930.04;0.002732763096764656
2025.09.16 18:04:50;2926.18;2930.04;0.04304101877408993
2025.09.16 18:04:51;2926.44;2930.04;0.03415953870958927
2025.09.16 18:04:52;2926.4;2930.04;0.03552592025797159
2025.09.16 18:04:53;2926.42;2930.04;0.03484272948378043
2025.09.16 18:04:55;2926.48;2930.04;0.03279315716120694
2025.09.16 18:04:56;2926.4;2930.04;0.03552592025797159
2025.09.16 18:04:57;2926.9;2930.04;0.01844615090317696
2025.09.16 18:04:58;2926.72;2930.04;0.02459486787091297
2025.09.16 18:04:59;2926.48;2930.04;0.03279315716120694
2025.09.16 18:05:00;2926.28;2930.04;0.03962506490313411
2025.09.16 18:05:01;2926.32;2930.04;0.03825868335473625
2025.09.16 18:05:02;2926.7;2930.04;0.02527805864510414
2025.09.16 18:05:03;2926.54;2930.04;0.03074358483863344
2025.09.16 18:05:04;2926.3;2930.04;0.03894187412892741
2025.09.16 18:05:05;2924.88;2930.04;0.08744841909654666
2025.09.16 18:05:06;2924.98;2930.04;0.08403246522559084
2025.09.16 18:05:07;2925.46;2930.04;0.06763588664498738
2025.09.16 18:05:08;2925.28;2930.04;0.07378460361272338
2025.09.16 18:05:09;2925.18;2930.04;0.0772005574836792
2025.09.16 18:05:11;2925.7;2930.04;0.0594375973546934
2025.09.16 18:05:12;2925.46;2930.04;0.06763588664498738
2025.09.16 18:05:13;2925.4;2930.04;0.06968545896756086
2025.09.16 18:05:14;2925.36;2930.04;0.07105184051594318
2025.09.16 18:05:15;2925.34;2930.04;0.07173503129013435
2025.09.16 18:05:16;2925.28;2930.04;0.07378460361272338
2025.09.16 18:05:17;2925.26;2930.04;0.07446779438691455
2025.09.16 18:05:18;2925.16;2930.04;0.07788374825787035
2025.09.16 18:05:20;2925.18;2930.04;0.0772005574836792
2025.09.16 18:05:22;2924.92;2930.04;0.08608203754816433
2025.09.16 18:05:23;2924.98;2930.04;0.08403246522559084
2025.09.16 18:05:24;2925;2930.04;0.08334927445139967
2025.09.16 18:05:25;2925.04;2930.04;0.08198289290301734
2025.09.16 18:05:26;2925.1;2930.04;0.07993332058044385
2025.09.16 18:05:27;2924.98;2930.04;0.08403246522559084
2025.09.16 18:05:28;2925.22;2930.04;0.07583417593529687
2025.09.16 18:05:29;2925.52;2930.04;0.06558631432241388
2025.09.16 18:05:30;2925.46;2930.04;0.06763588664498738
2025.09.16 18:05:31;2925.42;2930.04;0.06900226819336969
2025.09.16 18:05:32;2925.34;2930.04;0.07173503129013435
2025.09.16 18:05:33;2925.34;2930.04;0.07173503129013435
2025.09.16 18:05:34;2925.54;2930.04;0.06490312354822271
2025.09.16 18:05:35;2925.32;2930.04;0.07241822206432552
2025.09.16 18:05:36;2925.64;2930.04;0.06148716967726689
2025.09.16 18:05:38;2925.76;2930.04;0.0573880250321199
2025.09.16 18:05:39;2925.76;2930.04;0.0573880250321199
2025.09.16 18:05:42;2925.68;2930.04;0.06012078812888456
2025.09.16 18:05:43;2926.7;2930.04;0.02527805864510414
2025.09.16 18:05:44;2926.52;2930.04;0.03142677561282461
2025.09.16 18:05:45;2926.12;2930.04;0.04509059109666343
2025.09.16 18:05:46;2926.04;2930.04;0.04782335419342808
2025.09.16 18:05:48;2926.82;2930.04;0.02117891399994162
2025.09.16 18:05:49;2927.02;2930.04;0.01434700625802997
2025.09.16 18:05:50;2926.6;2930.04;0.02869401251605995
2025.09.16 18:05:51;2926.08;2930.04;0.04645697264504575
2025.09.16 18:05:52;2926.32;2930.04;0.03825868335473625
2025.09.16 18:05:53;2926.68;2930.04;0.0259612494192953
2025.09.16 18:05:54;2926.54;2930.04;0.03074358483863344
2025.09.16 18:05:55;2926.66;2930.04;0.02664444019348646
2025.09.16 18:05:56;2926.42;2930.04;0.03484272948378043
2025.09.16 18:05:57;2926.66;2930.04;0.02664444019348646
2025.09.16 18:05:58;2926.6;2930.04;0.02869401251605995
2025.09.16 18:05:59;2927.06;2930.04;0.01298062470964765
2025.09.16 18:06:00;2927;2930.04;0.01503019703222114
2025.09.16 18:06:01;2926.46;2930.04;0.0334763479353981
2025.09.16 18:06:02;2927.18;2930.04;0.008881480064500666
2025.09.16 18:06:03;2926.7;2930.04;0.02527805864510414
2025.09.16 18:06:05;2927.12;2930.04;0.01093105238707416
2025.09.16 18:06:07;2927.32;2930.04;0.004099144645146983
2025.09.16 18:06:08;2927.36;2930.04;0.002732763096764656
2025.09.16 18:06:09;2926.84;2930.04;0.02049572322575045
2025.09.16 18:06:11;2927.08;2930.04;0.01229743393545648
2025.09.16 18:06:12;2927.08;2930.04;0.01229743393545648
2025.09.16 18:06:13;2927.02;2930.04;0.01434700625802997
2025.09.16 18:06:15;2927;2930.04;0.01503019703222114
2025.09.16 18:06:16;2926.58;2930.04;0.02937720329025112
2025.09.16 18:06:17;2927.22;2930.04;0.007515098516118337
2025.09.16 18:06:18;2927.26;2930.04;0.00614871696773601
2025.09.16 18:06:19;2926.3;2930.04;0.03894187412892741
2025.09.16 18:06:20;2926.38;2930.04;0.03620911103216276
2025.09.16 18:06:21;2926.66;2930.04;0.02664444019348646
2025.09.16 18:06:22;2927.14;2930.04;0.01024786161288299
2025.09.16 18:06:23;2927.24;2930.04;0.006831907741927174
2025.09.16 18:06:24;2927.26;2930.04;0.00614871696773601
2025.09.16 18:06:25;2927.15;2930.04;0.009906266225779645
2025.09.16 18:06:26;2927.1;2930.04;0.01161424316126532
2025.09.16 18:06:27;2926.8;2930.04;0.02186210477413278
2025.09.16 18:06:28;2927.08;2930.04;0.01229743393545648
2025.09.16 18:06:29;2926.7;2930.04;0.02527805864510414
2025.09.16 18:06:30;2926.63;2930.04;0.02766922635476544
2025.09.16 18:06:31;2927.06;2930.04;0.01298062470964765
2025.09.16 18:06:32;2927.1;2930.04;0.01161424316126532
2025.09.16 18:06:33;2927.3;2930.04;0.004782335419338148
2025.09.16 18:06:34;2927.75;2930.04;0
2025.09.16 18:06:36;2927.7;2930.04;0.001707796089153169
2025.09.16 18:06:37;2927.88;2930.04;0
2025.09.16 18:06:38;2927.65;2930.04;0.007855513204093686
2025.09.16 18:06:39;2927.83;2930.04;0.001707720261765574
2025.09.16 18:06:40;2928;2930.04;0
2025.09.16 18:06:41;2931.05;2930.04;0
2025.09.16 18:06:42;2930.9;2930.04;0.005117619965544462
2025.09.16 18:06:43;2930.7;2930.04;0.01194111325294225
2025.09.16 18:06:44;2929.98;2930.04;0.03650568908753394
2025.09.16 18:06:45;2930.2;2930.04;0.02899984647141345
2025.09.16 18:06:46;2930.08;2930.04;0.0330939424438428
2025.09.16 18:06:47;2930.3;2930.04;0.0255880998277068
2025.09.16 18:06:48;2930.75;2930.04;0.01023523993108892
2025.09.16 18:06:49;2930.78;2930.04;0.00921171593798934
2025.09.16 18:06:50;2930.83;2930.04;0.007505842616136015
2025.09.16 18:06:52;2931.3;2930.04;0
2025.09.16 18:06:53;2931.25;2930.04;0.001705727834073001
2025.09.16 18:06:54;2931.15;2930.04;0.005117183502203491
2025.09.16 18:06:56;2931.3;2930.04;0
2025.09.16 18:06:57;2931.96;2933.04;0
2025.09.16 18:06:58;2931.99;2933.04;0
2025.09.16 18:06:59;2931.95;2933.04;0.00136426113322227
2025.09.16 18:07:00;2932.05;2933.04;0
2025.09.16 18:07:01;2932.04;2933.04;0.0003410583039244992
2025.09.16 18:07:02;2932.07;2933.04;0
2025.09.16 18:07:03;2932.16;2933.04;0
2025.09.16 18:07:04;2932.1;2933.04;0.002046273054674555
2025.09.16 18:07:05;2932.05;2933.04;0.00375150060022893
2025.09.16 18:07:06;2932.01;2933.04;0.005115682636694143
2025.09.16 18:07:07;2932.05;2933.04;0.00375150060022893
2025.09.16 18:07:08;2932.07;2933.04;0.003069409582004078
2025.09.16 18:07:09;2932;2933.04;0.005456728145798813
2025.09.16 18:07:11;2932.07;2933.04;0.003069409582004078
2025.09.16 18:07:12;2932;2933.04;0.005456728145798813
2025.09.16 18:07:13;2931.98;2933.04;0.006138819164023666
2025.09.16 18:07:15;2932.06;2933.04;0.003410455091124258
2025.09.16 18:07:16;2932.03;2933.04;0.00443359161846929
2025.09.16 18:07:17;2932.06;2933.04;0.003410455091124258
2025.09.16 18:07:18;2931.98;2933.04;0.006138819164023666
2025.09.16 18:07:19;2932.09;2933.04;0.002387318563779226
2025.09.16 18:07:20;2932.1;2933.04;0.002046273054674555
2025.09.16 18:07:21;2932.05;2933.04;0.00375150060022893
2025.09.16 18:07:22;2931.95;2933.04;0.007161955691368697
2025.09.16 18:07:24;2932.02;2933.04;0.004774637127573962
2025.09.16 18:07:25;2931.95;2933.04;0.007161955691368697
2025.09.16 18:07:26;2931.86;2933.04;0.01023136527337278
2025.09.16 18:07:27;2931.85;2933.04;0.01057241078249296
2025.09.16 18:07:28;2931.85;2933.04;0.01057241078249296
2025.09.16 18:07:29;2931.9;2933.04;0.008867183236923072
2025.09.16 18:07:30;2931.9;2933.04;0.008867183236923072
2025.09.16 18:07:31;2931.94;2933.04;0.007503001200473368
2025.09.16 18:07:32;2931.95;2933.04;0.007161955691368697
2025.09.16 18:07:33;2931.94;2933.04;0.007503001200473368
2025.09.16 18:07:34;2931.92;2933.04;0.008185092218698219
2025.09.16 18:07:35;2931.93;2933.04;0.007844046709593549
2025.09.16 18:07:37;2931.82;2933.04;0.01159554730982248
2025.09.16 18:07:38;2931.86;2933.04;0.01023136527337278
2025.09.16 18:07:39;2931.85;2933.04;0.01057241078249296
2025.09.16 18:07:40;2931.79;2933.04;0.01261868383716751
2025.09.16 18:07:41;2931.88;2933.04;0.009549274255147924
2025.09.16 18:07:42;2931.88;2933.04;0.009549274255147924
2025.09.16 18:07:43;2931.88;2933.04;0.009549274255147924
2025.09.16 18:07:45;2931.89;2933.04;0.009208228746043252
2025.09.16 18:07:46;2931.81;2933.04;0.01193659281894266
2025.09.16 18:07:47;2931.8;2933.04;0.01227763832804733
2025.09.16 18:07:48;2931.88;2933.04;0.009549274255147924
2025.09.16 18:07:50;2931.88;2933.04;0.009549274255147924
2025.09.16 18:07:51;2932.21;2933.04;0
2025.09.16 18:07:52;2932.19;2933.04;0.0006820793872192582
2025.09.16 18:07:53;2932.4;2933.04;0
2025.09.16 18:07:54;2932.53;2933.04;0
2025.09.16 18:07:56;2932.5;2933.04;0.001023007437255385
2025.09.16 18:07:59;2932.53;2933.04;0
2025.09.16 18:08:00;2932.52;2933.04;0.0003410024790799593
2025.09.16 18:08:01;2932.5;2933.04;0.001023007437255385
2025.09.16 18:08:02;2932.46;2933.04;0.002387017353606236
2025.09.16 18:08:03;2932.42;2933.04;0.003751027269957088
2025.09.16 18:08:04;2932.36;2933.04;0.005797042144483365
2025.09.16 18:08:05;2932.35;2933.04;0.006138044623578831
2025.09.16 18:08:07;2932.36;2933.04;0.005797042144483365
2025.09.16 18:08:08;2932.33;2933.04;0.006820049581754258
2025.09.16 18:08:10;2932.41;2933.04;0.004092029749052554
2025.09.16 18:08:11;2932.37;2933.04;0.005456039665403406
2025.09.16 18:08:12;2932.35;2933.04;0.006138044623578831
2025.09.16 18:08:13;2932.35;2933.04;0.006138044623578831
2025.09.16 18:08:14;2932.31;2933.04;0.007502054539929684
2025.09.16 18:08:15;2932.27;2933.04;0.008866064456280534
2025.09.16 18:08:16;2932.41;2933.04;0.004092029749052554
2025.09.16 18:08:17;2932.41;2933.04;0.004092029749052554
2025.09.16 18:08:18;2932.38;2933.04;0.00511503718630794
2025.09.16 18:08:19;2932.27;2933.04;0.008866064456280534
2025.09.16 18:08:20;2932.25;2933.04;0.00954806941445596
2025.09.16 18:08:21;2932.39;2933.04;0.00477403470722798
2025.09.16 18:08:22;2932.42;2933.04;0.003751027269957088
2025.09.16 18:08:23;2932.4;2933.04;0.004433032228132514
2025.09.16 18:08:24;2932.37;2933.04;0.005456039665403406
2025.09.16 18:08:25;2932.73;2933.04;0
2025.09.16 18:08:26;2932.69;2933.04;0.001363916896542253
2025.09.16 18:08:27;2932.65;2933.04;0.002727833793084506
2025.09.16 18:08:28;2932.49;2933.04;0.008183501379269025
2025.09.16 18:08:29;2932.43;2933.04;0.01022937672408241
2025.09.16 18:08:30;2932.36;2933.04;0.0126162312930236
2025.09.16 18:08:31;2932.45;2933.04;0.009547418275811277
2025.09.16 18:08:32;2932.47;2933.04;0.008865459827540152
2025.09.16 18:08:33;2932.46;2933.04;0.009206439051667962
2025.09.16 18:08:34;2932.45;2933.04;0.009547418275811277
2025.09.16 18:08:35;2932.49;2933.04;0.008183501379269025
2025.09.16 18:08:36;2932.48;2933.04;0.008524480603396835
2025.09.16 18:08:37;2932.59;2933.04;0.004773709137897886
2025.09.16 18:08:38;2932.6;2933.04;0.004432729913770076
2025.09.16 18:08:39;2932.51;2933.04;0.007501542930997898
2025.09.16 18:08:40;2932.56;2933.04;0.005796646810312328
2025.09.16 18:08:42;2932.62;2933.04;0.003750771465498949
2025.09.16 18:08:43;2932.64;2933.04;0.003068813017227823
2025.09.16 18:08:44;2932.69;2933.04;0.001363916896542253
2025.09.16 18:08:45;2932.64;2933.04;0.003068813017227823
2025.09.16 18:08:46;2932.63;2933.04;0.003409792241355633
2025.09.16 18:08:49;2932.63;2933.04;0.003409792241355633
2025.09.16 18:08:50;2932.62;2933.04;0.003750771465498949
2025.09.16 18:08:51;2932.63;2933.04;0.003409792241355633
2025.09.16 18:08:52;2932.61;2933.04;0.00409175068962676
2025.09.16 18:08:53;2932.58;2933.04;0.005114688362041203
2025.09.16 18:08:55;2932.44;2933.04;0.009888397499939089
2025.09.16 18:08:56;2932.45;2933.04;0.009547418275811277
2025.09.16 18:08:57;2932.5;2933.04;0.007842522155125708
2025.09.16 18:08:58;2932.56;2933.04;0.005796646810312328
2025.09.16 18:08:59;2932.59;2933.04;0.004773709137897886
2025.09.16 18:09:00;2932.59;2933.04;0.004773709137897886
2025.09.16 18:09:01;2932.6;2933.04;0.004432729913770076
2025.09.16 18:09:03;2932.52;2933.04;0.007160563706854582
2025.09.16 18:09:04;2932.46;2933.04;0.009206439051667962
2025.09.16 18:09:06;2932.52;2933.04;0.007160563706854582
2025.09.16 18:09:07;2932.5;2933.04;0.007842522155125708
2025.09.16 18:09:09;2932.3;2933.04;0.01466210663783698
2025.09.16 18:09:10;2932.33;2933.04;0.01363916896543804
2025.09.16 18:09:11;2932.36;2933.04;0.0126162312930236
2025.09.16 18:09:13;2932.37;2933.04;0.01227525206889578
2025.09.16 18:09:14;2932.37;2933.04;0.01227525206889578
2025.09.16 18:09:15;2932.35;2933.04;0.01295721051716691
2025.09.16 18:09:16;2932.25;2933.04;0.01636700275852254
2025.09.16 18:09:18;2932.32;2933.04;0.01398014818956585
2025.09.16 18:09:19;2932.27;2933.04;0.01568504431025142
2025.09.16 18:09:20;2932.18;2933.04;0.01875385732747924
2025.09.16 18:09:21;2932.2;2933.04;0.01807189887920811
2025.09.16 18:09:22;2932.22;2933.04;0.01738994043093699
2025.09.16 18:09:23;2932.16;2933.04;0.01943581577575037
2025.09.16 18:09:24;2932.2;2933.04;0.01807189887920811
2025.09.16 18:09:25;2932.22;2933.04;0.01738994043093699
2025.09.16 18:09:27;2932.2;2933.04;0.01807189887920811
2025.09.16 18:09:28;2932.2;2933.04;0.01807189887920811
2025.09.16 18:09:29;2932.16;2933.04;0.01943581577575037
2025.09.16 18:09:31;2932.09;2933.04;0.02182267034469156
2025.09.16 18:09:32;2932.09;2933.04;0.02182267034469156
2025.09.16 18:09:33;2932.14;2933.04;0.02011777422402149
2025.09.16 18:09:34;2932.14;2933.04;0.02011777422402149
2025.09.16 18:09:35;2932.16;2933.04;0.01943581577575037
2025.09.16 18:09:36;2932.19;2933.04;0.01841287810333592
2025.09.16 18:09:38;2932.19;2933.04;0.01841287810333592
2025.09.16 18:09:39;2932.19;2933.04;0.01841287810333592
2025.09.16 18:09:40;2932.19;2933.04;0.01841287810333592
2025.09.16 18:09:41;2932.19;2933.04;0.01841287810333592
2025.09.16 18:09:44;2932.2;2933.04;0.01807189887920811
2025.09.16 18:09:45;2932.2;2933.04;0.01807189887920811
2025.09.16 18:09:46;2932.12;2933.04;0.02079973267229262
2025.09.16 18:09:47;2932.2;2933.04;0.01807189887920811
2025.09.16 18:09:48;2932.17;2933.04;0.01909483655160705
2025.09.16 18:09:50;2932.19;2933.04;0.01841287810333592
2025.09.16 18:09:51;2932.19;2933.04;0.01841287810333592
2025.09.16 18:09:52;2932.11;2933.04;0.02114071189642043
2025.09.16 18:09:53;2932.15;2933.04;0.01977679499987818
2025.09.16 18:09:54;2932.21;2933.04;0.0177309196550648
2025.09.16 18:09:55;2932.22;2933.04;0.01738994043093699
2025.09.16 18:09:56;2932.2;2933.04;0.01807189887920811
2025.09.16 18:09:57;2932.22;2933.04;0.01738994043093699
2025.09.16 18:09:59;2932.19;2933.04;0.01841287810333592
2025.09.16 18:10:00;2932.18;2933.04;0.01875385732747924
2025.09.16 18:10:01;2932.32;2933.04;0.01398014818956585
2025.09.16 18:10:02;2932.37;2933.04;0.01227525206889578
2025.09.16 18:10:04;2932.36;2933.04;0.0126162312930236
2025.09.16 18:10:05;2932.37;2933.04;0.01227525206889578
2025.09.16 18:10:06;2932.34;2933.04;0.01329818974129472
2025.09.16 18:10:08;2932.16;2933.04;0.01943581577575037
2025.09.16 18:10:09;2932.26;2933.04;0.01602602353439473
2025.09.16 18:10:10;2932.28;2933.04;0.01534406508612361
2025.09.16 18:10:11;2932.28;2933.04;0.01534406508612361
2025.09.16 18:10:12;2932.17;2933.04;0.01909483655160705
2025.09.16 18:10:13;2932.16;2933.04;0.01943581577575037
2025.09.16 18:10:14;2932.25;2933.04;0.01636700275852254
2025.09.16 18:10:15;2932.25;2933.04;0.01636700275852254
2025.09.16 18:10:17;2932.26;2933.04;0.01602602353439473
2025.09.16 18:10:18;2932.34;2933.04;0.01329818974129472
2025.09.16 18:10:19;2932.29;2933.04;0.01500308586198029
2025.09.16 18:10:20;2932.25;2933.04;0.01636700275852254
2025.09.16 18:10:21;2932.25;2933.04;0.01636700275852254
2025.09.16 18:10:22;2932.21;2933.04;0.0177309196550648
2025.09.16 18:10:23;2932.21;2933.04;0.0177309196550648
2025.09.16 18:10:24;2932.2;2933.04;0.01807189887920811
2025.09.16 18:10:25;2932.17;2933.04;0.01909483655160705
2025.09.16 18:10:26;2932.26;2933.04;0.01602602353439473
2025.09.16 18:10:27;2932.24;2933.04;0.01670798198266586
2025.09.16 18:10:29;2932.28;2933.04;0.01534406508612361
2025.09.16 18:10:30;2932.31;2933.04;0.01432112741370916
2025.09.16 18:10:31;2932.34;2933.04;0.01329818974129472
2025.09.16 18:10:32;2932.25;2933.04;0.01636700275852254
2025.09.16 18:10:33;2932.29;2933.04;0.01500308586198029
2025.09.16 18:10:34;2932.49;2933.04;0.008183501379269025
2025.09.16 18:10:35;2932.44;2933.04;0.009888397499939089
2025.09.16 18:10:36;2932.43;2933.04;0.01022937672408241
2025.09.16 18:10:37;2932.4;2933.04;0.01125231439648134
2025.09.16 18:10:38;2932.44;2933.04;0.009888397499939089
2025.09.16 18:10:39;2932.42;2933.04;0.01057035594821021
2025.09.16 18:10:41;2932.43;2933.04;0.01022937672408241
2025.09.16 18:10:42;2932.43;2933.04;0.01022937672408241
2025.09.16 18:10:43;2932.46;2933.04;0.009206439051667962
2025.09.16 18:10:44;2932.48;2933.04;0.008524480603396835
2025.09.16 18:10:45;2932.47;2933.04;0.008865459827540152
2025.09.16 18:10:47;2932.54;2933.04;0.006478605258583456
2025.09.16 18:10:48;2932.52;2933.04;0.007160563706854582
2025.09.16 18:10:49;2932.46;2933.04;0.009206439051667962
2025.09.16 18:10:50;2932.26;2933.04;0.01602602353439473
2025.09.16 18:10:51;2932.31;2933.04;0.01432112741370916
2025.09.16 18:10:53;2932.31;2933.04;0.01432112741370916
2025.09.16 18:10:54;2932.28;2933.04;0.01534406508612361
2025.09.16 18:10:55;2932.25;2933.04;0.01636700275852254
2025.09.16 18:10:56;2932.14;2933.04;0.02011777422402149
2025.09.16 18:10:57;2932.1;2933.04;0.02148169112056374
2025.09.16 18:10:59;2932.22;2933.04;0.01738994043093699
2025.09.16 18:11:00;2932.18;2933.04;0.01875385732747924
2025.09.16 18:11:02;2932.16;2933.04;0.01943581577575037
2025.09.16 18:11:03;2932.03;2933.04;0.02386854568952044
2025.09.16 18:11:05;2932.1;2933.04;0.02148169112056374
2025.09.16 18:11:06;2932.1;2933.04;0.02148169112056374
2025.09.16 18:11:08;2932.17;2933.04;0.01909483655160705
2025.09.16 18:11:09;2932.17;2933.04;0.01909483655160705
2025.09.16 18:11:10;2932.13;2933.04;0.0204587534481493
2025.09.16 18:11:11;2932.02;2933.04;0.02420952491364825
2025.09.16 18:11:12;2932.06;2933.04;0.022845608017106
2025.09.16 18:11:14;2932.09;2933.04;0.02182267034469156
2025.09.16 18:11:15;2932.09;2933.04;0.02182267034469156
2025.09.16 18:11:16;2932.09;2933.04;0.02182267034469156
2025.09.16 18:11:17;2932.02;2933.04;0.02420952491364825
2025.09.16 18:11:19;2932.09;2933.04;0.02182267034469156
2025.09.16 18:11:21;2932.08;2933.04;0.02216364956883487
2025.09.16 18:11:22;2932.08;2933.04;0.02216364956883487
2025.09.16 18:11:23;2932.08;2933.04;0.02216364956883487
2025.09.16 18:11:24;2931.94;2933.04;0.02693735870673276
2025.09.16 18:11:25;2931.9;2933.04;0.02830127560327501
2025.09.16 18:11:26;2931.96;2933.04;0.02625540025846163
2025.09.16 18:11:27;2932.12;2933.04;0.02079973267229262
2025.09.16 18:11:28;2932.13;2933.04;0.0204587534481493
2025.09.16 18:11:29;2932.14;2933.04;0.02011777422402149
2025.09.16 18:11:30;2932.08;2933.04;0.02216364956883487
2025.09.16 18:11:31;2931.81;2933.04;0.03137008862050283
2025.09.16 18:11:32;2931.49;2933.04;0.04228142379285636
2025.09.16 18:11:33;2931.59;2933.04;0.03887163155148522
2025.09.16 18:11:34;2931.74;2933.04;0.03375694318945953
2025.09.16 18:11:35;2932.3;2933.04;0.01466210663783698
2025.09.16 18:11:36;2932.1;2933.04;0.02148169112056374
2025.09.16 18:11:37;2932.6;2933.04;0.004432729913770076
2025.09.16 18:11:38;2932.54;2933.04;0.006478605258583456
2025.09.16 18:11:39;2932.19;2933.04;0.01841287810333592
2025.09.16 18:11:40;2932.1;2933.04;0.02148169112056374
2025.09.16 18:11:41;2932.1;2933.04;0.02148169112056374
2025.09.16 18:11:43;2932.44;2933.04;0.009888397499939089
2025.09.16 18:11:44;2932.28;2933.04;0.01534406508612361
2025.09.16 18:11:45;2932.03;2933.04;0.02386854568952044
2025.09.16 18:11:46;2932.04;2933.04;0.02352756646537713
2025.09.16 18:11:47;2931.89;2933.04;0.02864225482741833
2025.09.16 18:11:48;2931.94;2933.04;0.02693735870673276
2025.09.16 18:11:49;2932.25;2933.04;0.01636700275852254
2025.09.16 18:11:51;2932.3;2933.04;0.01466210663783698
2025.09.16 18:11:52;2931.99;2933.04;0.0252324625860627
2025.09.16 18:11:53;2932.23;2933.04;0.01704896120679367
2025.09.16 18:11:54;2932.3;2933.04;0.01466210663783698
2025.09.16 18:11:56;2932.34;2933.04;0.01329818974129472
2025.09.16 18:11:58;2932.4;2933.04;0.01125231439648134
2025.09.16 18:11:59;2932.35;2933.04;0.01295721051716691
2025.09.16 18:12:00;2932.34;2933.04;0.01329818974129472
2025.09.16 18:12:02;2932.44;2933.04;0.009888397499939089
2025.09.16 18:12:03;2932.48;2933.04;0.008524480603396835
2025.09.16 18:12:06;2932.44;2933.04;0.009888397499939089
2025.09.16 18:12:07;2932.39;2933.04;0.01159329362062466
2025.09.16 18:12:08;2932.38;2933.04;0.01193427284475247
2025.09.16 18:12:09;2931.99;2933.04;0.0252324625860627
2025.09.16 18:12:10;2931.59;2933.04;0.03887163155148522
2025.09.16 18:12:11;2931.59;2933.04;0.03887163155148522
2025.09.16 18:12:12;2931.59;2933.04;0.03887163155148522
2025.09.16 18:12:14;2931.59;2933.04;0.03887163155148522
2025.09.16 18:12:15;2931.6;2933.04;0.03853065232735741
2025.09.16 18:12:16;2931.65;2933.04;0.03682575620667185
2025.09.16 18:12:17;2931.68;2933.04;0.03580281853427291
2025.09.16 18:12:18;2931.69;2933.04;0.03546183931012959
2025.09.16 18:12:20;2931.58;2933.04;0.03921261077562854
2025.09.16 18:12:21;2931.39;2933.04;0.04569121603421199
2025.09.16 18:12:22;2931.6;2933.04;0.03853065232735741
2025.09.16 18:12:23;2931.43;2933.04;0.04432729913766974
2025.09.16 18:12:25;2931.28;2933.04;0.04944198749971095
2025.09.16 18:12:26;2931.23;2933.04;0.05114688362038101
2025.09.16 18:12:27;2931.39;2933.04;0.04569121603421199
2025.09.16 18:12:28;2931.54;2933.04;0.04057652767217079
2025.09.16 18:12:30;2931.65;2933.04;0.03682575620667185
2025.09.16 18:12:31;2931.48;2933.04;0.04262240301698417
2025.09.16 18:12:33;2931.34;2933.04;0.04739611215488206
2025.09.16 18:12:34;2931.03;2933.04;0.05796646810310778
2025.09.16 18:12:35;2931.44;2933.04;0.04398631991352643
2025.09.16 18:12:37;2931.74;2933.04;0.03375694318945953
2025.09.16 18:12:38;2931.49;2933.04;0.04228142379285636
2025.09.16 18:12:39;2931.43;2933.04;0.04432729913766974
2025.09.16 18:12:40;2931.15;2933.04;0.05387471741346551
2025.09.16 18:12:41;2931.05;2933.04;0.05728450965482115
2025.09.16 18:12:42;2931.04;2933.04;0.05762548887896447
2025.09.16 18:12:43;2931.23;2933.04;0.05114688362038101
2025.09.16 18:12:44;2930.99;2933.04;0.05933038499965004
2025.09.16 18:12:45;2930.74;2933.04;0.06785486560304688
2025.09.16 18:12:46;2930.75;2933.04;0.06751388637890356
2025.09.16 18:12:48;2930.68;2933.04;0.06990074094786025
2025.09.16 18:12:49;2930.64;2933.04;0.0712646578444025
2025.09.16 18:12:50;2930.59;2933.04;0.07296955396507256
2025.09.16 18:12:51;2930.55;2933.04;0.07433347086161482
2025.09.16 18:12:52;2930.09;2933.04;0.09001851517186624
2025.09.16 18:12:53;2930.4;2933.04;0.07944815922365603
2025.09.16 18:12:54;2930.45;2933.04;0.07774326310298596
2025.09.16 18:12:55;2930.29;2933.04;0.08319893068915497
2025.09.16 18:12:56;2929.54;2933.04;0.1087723724993455
2025.09.16 18:12:58;2929.79;2933.04;0.1002478918959486
2025.09.16 18:12:59;2930.04;2933.04;0.09172341129255181
2025.09.16 18:13:00;2929.94;2933.04;0.09513320353390743
2025.09.16 18:13:01;2929.74;2933.04;0.1019527880166342
2025.09.16 18:13:02;2929.95;2933.04;0.09479222430977963
2025.09.16 18:13:03;2930.63;2933.04;0.07160563706853032
2025.09.16 18:13:04;2930.65;2933.04;0.07092367862025918
2025.09.16 18:13:05;2930.64;2933.04;0.0712646578444025
2025.09.16 18:13:07;2930.5;2933.04;0.07603836698230039
2025.09.16 18:13:09;2929.99;2933.04;0.09342830741323738
2025.09.16 18:13:10;2929.99;2933.04;0.09342830741323738
2025.09.16 18:13:11;2930.34;2933.04;0.0814940345684694
2025.09.16 18:13:12;2930.33;2933.04;0.08183501379261271
2025.09.16 18:13:13;2930.1;2933.04;0.08967753594773842
2025.09.16 18:13:14;2929.94;2933.04;0.09513320353390743
2025.09.16 18:13:15;2929.94;2933.04;0.09513320353390743
2025.09.16 18:13:16;2929.93;2933.04;0.09547418275805075
2025.09.16 18:13:17;2929.79;2933.04;0.1002478918959486
2025.09.16 18:13:18;2929.79;2933.04;0.1002478918959486
2025.09.16 18:13:19;2929.79;2933.04;0.1002478918959486
2025.09.16 18:13:20;2929.84;2933.04;0.09854299577526308
2025.09.16 18:13:22;2929.79;2933.04;0.1002478918959486
2025.09.16 18:13:23;2929.79;2933.04;0.1002478918959486
2025.09.16 18:13:24;2930;2933.04;0.09308732818909406
2025.09.16 18:13:25;2930.54;2933.04;0.07467445008575814
2025.09.16 18:13:26;2929.79;2933.04;0.1002478918959486
2025.09.16 18:13:27;2930.14;2933.04;0.08831361905119617
2025.09.16 18:13:28;2930.58;2933.04;0.07331053318921588
2025.09.16 18:13:30;2930.54;2933.04;0.07467445008575814
2025.09.16 18:13:31;2929.99;2933.04;0.09342830741323738
2025.09.16 18:13:32;2929.93;2933.04;0.09547418275805075
